hour,loc,pollutant,value
1,三重,NO2,33.05041782729805
2,三重,NO2,29.029526462395545
3,三重,NO2,27.006424581005586
4,三重,NO2,25.080222841225623
5,三重,NO2,24.61173184357542
6,三重,NO2,28.701117318435752
7,三重,NO2,35.62849162011173
8,三重,NO2,41.986033519553075
9,三重,NO2,44.83098591549296
10,三重,NO2,46.59887005649718
11,三重,NO2,46.588921282798836
12,三重,NO2,45.9364161849711
13,三重,NO2,43.36
14,三重,NO2,43.35207100591716
15,三重,NO2,44.229166666666664
16,三重,NO2,45.02906976744186
17,三重,NO2,46.41456582633053
18,三重,NO2,48.15469613259668
19,三重,NO2,47.88154269972452
20,三重,NO2,45.54696132596685
21,三重,NO2,43.37845303867403
22,三重,NO2,42.06353591160221
23,三重,NO2,40.80635359116022
24,三重,NO2,37.34972375690608
1,三重,PM10,54.86857142857143
2,三重,PM10,52.74498567335244
3,三重,PM10,51.2
4,三重,PM10,50.15186246418338
5,三重,PM10,49.083333333333336
6,三重,PM10,49.67528735632184
7,三重,PM10,52.264367816091955
8,三重,PM10,58.68103448275862
9,三重,PM10,63.98
10,三重,PM10,68.25356125356126
11,三重,PM10,69.19596541786744
12,三重,PM10,69.86285714285714
13,三重,PM10,68.0
14,三重,PM10,66.0865671641791
15,三重,PM10,64.78717201166181
16,三重,PM10,65.65625
17,三重,PM10,67.34831460674157
18,三重,PM10,66.99154929577465
19,三重,PM10,67.21126760563381
20,三重,PM10,66.77401129943503
21,三重,PM10,64.57627118644068
22,三重,PM10,62.240793201133144
23,三重,PM10,59.813031161473084
24,三重,PM10,57.58923512747875
1,三重,SO2,2.7580441640378566
2,三重,SO2,2.535761589403974
3,三重,SO2,2.5415584415584433
4,三重,SO2,2.5000000000000004
5,三重,SO2,2.4561290322580644
6,三重,SO2,2.6743589743589746
7,三重,SO2,3.371384615384622
8,三重,SO2,4.208761329305137
9,三重,SO2,4.371951219512197
10,三重,SO2,4.023333333333335
11,三重,SO2,3.7108024691358037
12,三重,SO2,3.5094801223241587
13,三重,SO2,3.302461538461537
14,三重,SO2,3.1708860759493653
15,三重,SO2,3.194801223241591
16,三重,SO2,3.2435820895522385
17,三重,SO2,3.346312684365781
18,三重,SO2,3.6858407079646005
19,三重,SO2,3.889149560117303
20,三重,SO2,3.6923529411764697
21,三重,SO2,3.5642011834319556
22,三重,SO2,3.6094955489614247
23,三重,SO2,3.484523809523811
24,三重,SO2,3.114029850746268
1,中壢,NO2,20.410055865921787
2,中壢,NO2,17.444662921348314
3,中壢,NO2,16.0028653295129
4,中壢,NO2,14.952824858757063
5,中壢,NO2,14.817847025495748
6,中壢,NO2,17.40676056338028
7,中壢,NO2,25.23971830985915
8,中壢,NO2,30.360281690140845
9,中壢,NO2,30.100847457627122
10,中壢,NO2,30.473728813559323
11,中壢,NO2,30.30916905444126
12,中壢,NO2,29.24550898203593
13,中壢,NO2,26.522965116279067
14,中壢,NO2,25.954571428571423
15,中壢,NO2,26.77522123893805
16,中壢,NO2,29.133522727272727
17,中壢,NO2,31.40223463687151
18,中壢,NO2,34.70914127423823
19,中壢,NO2,35.34444444444444
20,中壢,NO2,33.818784530386736
21,中壢,NO2,32.892265193370164
22,中壢,NO2,32.30939226519337
23,中壢,NO2,28.56574585635359
24,中壢,NO2,24.012742382271465
1,中壢,PM10,59.386740331491715
2,中壢,PM10,56.70360110803324
3,中壢,PM10,53.77158774373259
4,中壢,PM10,52.874301675977655
5,中壢,PM10,51.99162011173184
6,中壢,PM10,52.21348314606742
7,中壢,PM10,55.067796610169495
8,中壢,PM10,60.48414985590778
9,中壢,PM10,64.72886297376094
10,中壢,PM10,66.93768545994065
11,中壢,PM10,66.66463414634147
12,中壢,PM10,66.6470588235294
13,中壢,PM10,66.35223880597015
14,中壢,PM10,65.31987577639751
15,中壢,PM10,65.13897280966768
16,中壢,PM10,65.49266862170089
17,中壢,PM10,65.91253644314868
18,中壢,PM10,66.76657060518733
19,中壢,PM10,68.17696629213484
20,中壢,PM10,67.42659279778394
21,中壢,PM10,66.02486187845304
22,中壢,PM10,65.49862258953168
23,中壢,PM10,64.39285714285714
24,中壢,PM10,62.63636363636363
1,中壢,SO2,4.34241573033708
2,中壢,SO2,3.9471751412429414
3,中壢,SO2,3.8375000000000017
4,中壢,SO2,3.7857549857549837
5,中壢,SO2,3.8528571428571383
6,中壢,SO2,4.073638968481377
7,中壢,SO2,4.911461318051578
8,中壢,SO2,5.76647564469914
9,中壢,SO2,5.542979942693409
10,中壢,SO2,5.2736389684813725
11,中壢,SO2,4.789855072463766
12,中壢,SO2,4.311676646706583
13,中壢,SO2,4.037941176470587
14,中壢,SO2,3.83333333333333
15,中壢,SO2,3.656586826347308
16,中壢,SO2,3.7497142857142864
17,中壢,SO2,3.865642458100559
18,中壢,SO2,4.383519553072626
19,中壢,SO2,4.838375350140055
20,中壢,SO2,5.054596100278552
21,中壢,SO2,5.249025069637882
22,中壢,SO2,5.42367688022284
23,中壢,SO2,5.266852367688022
24,中壢,SO2,4.714525139664806
1,中山,NO2,21.622950819672123
2,中山,NO2,18.646005509641867
3,中山,NO2,16.984890109890106
4,中山,NO2,15.09083333333333
5,中山,NO2,14.261281337047347
6,中山,NO2,15.51325966850829
7,中山,NO2,21.254395604395604
8,中山,NO2,27.531868131868126
9,中山,NO2,31.385318559556783
10,中山,NO2,31.55124653739612
11,中山,NO2,29.769452449567723
12,中山,NO2,27.57029411764706
13,中山,NO2,25.555780346820807
14,中山,NO2,25.200569800569795
15,中山,NO2,26.38510028653295
16,中山,NO2,27.896348314606737
17,中山,NO2,30.714444444444446
18,中山,NO2,34.80358126721763
19,中山,NO2,37.392876712328764
20,中山,NO2,35.42876712328767
21,中山,NO2,33.02246575342466
22,中山,NO2,31.43516483516484
23,中山,NO2,30.10136612021858
24,中山,NO2,25.99754098360656
1,中山,PM10,41.24293785310734
2,中山,PM10,38.6169014084507
3,中山,PM10,38.0
4,中山,PM10,36.60734463276836
5,中山,PM10,35.898305084745765
6,中山,PM10,34.813559322033896
7,中山,PM10,35.50282485875706
8,中山,PM10,37.352112676056336
9,中山,PM10,40.29661016949152
10,中山,PM10,44.48450704225352
11,中山,PM10,47.38053097345133
12,中山,PM10,49.72334293948127
13,中山,PM10,50.332394366197185
14,中山,PM10,48.3448275862069
15,中山,PM10,47.54022988505747
16,中山,PM10,47.46742209631728
17,中山,PM10,47.49152542372882
18,中山,PM10,47.240793201133144
19,中山,PM10,46.706214689265536
20,中山,PM10,45.77183098591549
21,中山,PM10,44.48732394366197
22,中山,PM10,42.55211267605634
23,中山,PM10,43.22816901408451
24,中山,PM10,42.355932203389834
1,中山,SO2,2.679831932773111
2,中山,SO2,2.7088888888888905
3,中山,SO2,2.674651810584958
4,中山,SO2,2.657103064066851
5,中山,SO2,2.4532212885154046
6,中山,SO2,2.4280112044817934
7,中山,SO2,2.6117647058823517
8,中山,SO2,3.061731843575419
9,中山,SO2,3.4107648725212463
10,中山,SO2,3.1929178470254946
11,中山,SO2,3.033137829912022
12,中山,SO2,2.9577039274924473
13,中山,SO2,2.911403508771931
14,中山,SO2,2.9179710144927546
15,中山,SO2,2.914825581395351
16,中山,SO2,2.794508670520231
17,中山,SO2,2.782865168539325
18,中山,SO2,2.8626740947075215
19,中山,SO2,3.0709141274238236
20,中山,SO2,2.9401114206128103
21,中山,SO2,2.761173184357542
22,中山,SO2,2.874438202247192
23,中山,SO2,2.89887955182073
24,中山,SO2,2.8159663865546203
1,古亭,NO2,16.125619834710744
2,古亭,NO2,13.43543956043957
3,古亭,NO2,11.81101928374655
4,古亭,NO2,10.436639118457308
5,古亭,NO2,10.03002754820937
6,古亭,NO2,11.581818181818178
7,古亭,NO2,17.19393939393939
8,古亭,NO2,22.201104972375692
9,古亭,NO2,24.512569832402235
10,古亭,NO2,24.620775623268703
11,古亭,NO2,22.95185185185185
12,古亭,NO2,21.756321839080464
13,古亭,NO2,20.322905027932965
14,古亭,NO2,19.687499999999996
15,古亭,NO2,20.983625730994156
16,古亭,NO2,22.29192200557103
17,古亭,NO2,24.62651933701657
18,古亭,NO2,28.254545454545454
19,古亭,NO2,30.21126373626374
20,古亭,NO2,28.48708791208791
21,古亭,NO2,26.100546448087428
22,古亭,NO2,25.14672131147541
23,古亭,NO2,23.981693989071037
24,古亭,NO2,20.073626373626368
1,古亭,PM10,42.13597733711048
2,古亭,PM10,40.53389830508475
3,古亭,PM10,39.03399433427762
4,古亭,PM10,38.61756373937677
5,古亭,PM10,38.22379603399433
6,古亭,PM10,37.85552407932011
7,古亭,PM10,38.20963172804532
8,古亭,PM10,39.91477272727273
9,古亭,PM10,43.650704225352115
10,古亭,PM10,46.67134831460674
11,古亭,PM10,48.39710144927536
12,古亭,PM10,50.44159544159544
13,古亭,PM10,51.598314606741575
14,古亭,PM10,51.81120943952802
15,古亭,PM10,51.23906705539358
16,古亭,PM10,51.43258426966292
17,古亭,PM10,51.13687150837989
18,古亭,PM10,50.650837988826815
19,古亭,PM10,49.589385474860336
20,古亭,PM10,48.55865921787709
21,古亭,PM10,47.1731843575419
22,古亭,PM10,46.1536312849162
23,古亭,PM10,44.82913165266106
24,古亭,PM10,43.752112676056335
1,古亭,SO2,2.138842975206612
2,古亭,SO2,2.0469780219780245
3,古亭,SO2,2.055371900826444
4,古亭,SO2,2.0457300275482093
5,古亭,SO2,1.986501377410469
6,古亭,SO2,1.9674931129476578
7,古亭,SO2,2.148760330578512
8,古亭,SO2,2.4856353591160225
9,古亭,SO2,2.8049999999999997
10,古亭,SO2,2.901104972375691
11,古亭,SO2,2.9234463276836173
12,古亭,SO2,2.9997134670487107
13,古亭,SO2,3.028690807799444
14,古亭,SO2,3.051704545454547
15,古亭,SO2,3.0463976945244933
16,古亭,SO2,2.961838440111423
17,古亭,SO2,2.9991758241758255
18,古亭,SO2,3.0767759562841546
19,古亭,SO2,3.0844262295081983
20,古亭,SO2,2.8830601092896155
21,古亭,SO2,2.6983606557377047
22,古亭,SO2,2.586612021857923
23,古亭,SO2,2.4699453551912556
24,古亭,SO2,2.287637362637364
1,土城,NO2,16.523691460055094
2,土城,NO2,14.123691460055095
3,土城,NO2,12.795041322314052
4,土城,NO2,12.164364640883978
5,土城,NO2,11.711357340720227
6,土城,NO2,12.868144044321332
7,土城,NO2,16.762326869806095
8,土城,NO2,20.870637119113567
9,土城,NO2,21.8725
10,土城,NO2,20.152222222222214
11,土城,NO2,17.456484149855907
12,土城,NO2,16.05706214689266
13,土城,NO2,14.972727272727274
14,土城,NO2,14.61563421828908
15,土城,NO2,15.878223495702002
16,土城,NO2,17.502247191011236
17,土城,NO2,19.554189944134077
18,土城,NO2,22.304456824512542
19,土城,NO2,25.23176795580111
20,土城,NO2,24.706060606060603
21,土城,NO2,23.054820936639114
22,土城,NO2,22.163636363636368
23,土城,NO2,21.155524861878455
24,土城,NO2,19.09696969696969
1,土城,PM10,37.598853868194844
2,土城,PM10,35.95988538681949
3,土城,PM10,34.14739884393064
4,土城,PM10,33.005780346820806
5,土城,PM10,32.25581395348837
6,土城,PM10,33.299418604651166
7,土城,PM10,35.655072463768114
8,土城,PM10,38.71965317919075
9,土城,PM10,41.73487031700288
10,土城,PM10,41.7304347826087
11,土城,PM10,40.61538461538461
12,土城,PM10,41.00867052023121
13,土城,PM10,42.50581395348837
14,土城,PM10,42.4054054054054
15,土城,PM10,42.73623188405797
16,土城,PM10,41.25936599423631
17,土城,PM10,40.60806916426513
18,土城,PM10,40.43266475644699
19,土城,PM10,41.693409742120345
20,土城,PM10,41.51862464183381
21,土城,PM10,40.43553008595988
22,土城,PM10,39.70402298850575
23,土城,PM10,38.85014409221902
24,土城,PM10,38.31123919308357
1,土城,SO2,2.699999999999999
2,土城,SO2,2.7314049586776874
3,土城,SO2,2.6300275482093673
4,土城,SO2,2.7461325966850825
5,土城,SO2,2.6778393351800545
6,土城,SO2,2.7587257617728524
7,土城,SO2,3.3027700831024953
8,土城,SO2,4.015789473684209
9,土城,SO2,4.179665738161561
10,土城,SO2,3.9228412256267395
11,土城,SO2,3.4692753623188417
12,土城,SO2,3.384857142857143
13,土城,SO2,3.41323943661972
14,土城,SO2,3.4191860465116273
15,土城,SO2,3.585835694050989
16,土城,SO2,3.5606741573033713
17,土城,SO2,3.3221606648199438
18,土城,SO2,3.168784530386741
19,土城,SO2,3.099173553719007
20,土城,SO2,2.9504132231404983
21,土城,SO2,2.7735537190082646
22,土城,SO2,2.798898071625345
23,土城,SO2,2.760497237569061
24,土城,SO2,2.700275482093663
1,基隆,NO2,10.886350974930362
2,基隆,NO2,9.85125348189415
3,基隆,NO2,9.167966573816155
4,基隆,NO2,8.754722222222215
5,基隆,NO2,8.741944444444446
6,基隆,NO2,9.550277777777781
7,基隆,NO2,12.31480446927375
8,基隆,NO2,14.92408963585434
9,基隆,NO2,13.237604456824515
10,基隆,NO2,11.983988764044936
11,基隆,NO2,10.746017699115045
12,基隆,NO2,9.53063063063063
13,基隆,NO2,8.802005730659024
14,基隆,NO2,8.499147727272739
15,基隆,NO2,8.759025787965616
16,基隆,NO2,9.813675213675209
17,基隆,NO2,11.490807799442896
18,基隆,NO2,13.088121546961318
19,基隆,NO2,14.143646408839771
20,基隆,NO2,14.64033149171271
21,基隆,NO2,14.205248618784529
22,基隆,NO2,14.519613259668505
23,基隆,NO2,13.583656509695288
24,基隆,NO2,12.195844875346262
1,基隆,PM10,28.949295774647887
2,基隆,PM10,27.79718309859155
3,基隆,PM10,27.219718309859154
4,基隆,PM10,28.3135593220339
5,基隆,PM10,27.487323943661973
6,基隆,PM10,27.688235294117646
7,基隆,PM10,27.362068965517242
8,基隆,PM10,29.618233618233617
9,基隆,PM10,29.980225988700564
10,基隆,PM10,29.222857142857144
11,基隆,PM10,29.90342679127726
12,基隆,PM10,31.825443786982248
13,基隆,PM10,31.857954545454547
14,基隆,PM10,31.280802292263612
15,基隆,PM10,30.905982905982906
16,基隆,PM10,32.535612535612536
17,基隆,PM10,31.036931818181817
18,基隆,PM10,30.36094674556213
19,基隆,PM10,30.020588235294117
20,基隆,PM10,29.332386363636363
21,基隆,PM10,29.0561797752809
22,基隆,PM10,28.296296296296298
23,基隆,PM10,28.03943661971831
24,基隆,PM10,28.71629213483146
1,基隆,SO2,1.8112044817927178
2,基隆,SO2,1.7699164345403886
3,基隆,SO2,1.745403899721446
4,基隆,SO2,1.748189415041784
5,基隆,SO2,1.9298050139275778
6,基隆,SO2,1.8994428969359325
7,基隆,SO2,2.061452513966482
8,基隆,SO2,2.468435754189945
9,基隆,SO2,2.847632311977716
10,基隆,SO2,2.8721910112359543
11,基隆,SO2,2.911834319526626
12,基隆,SO2,2.6682492581602357
13,基隆,SO2,2.832664756446992
14,基隆,SO2,2.480453257790369
15,基隆,SO2,2.576836158192093
16,基隆,SO2,2.6830508474576273
17,基隆,SO2,2.625977653631285
18,基隆,SO2,2.5933333333333333
19,基隆,SO2,2.497506925207757
20,基隆,SO2,2.1240997229916894
21,基隆,SO2,1.8490304709141268
22,基隆,SO2,1.8722991689750692
23,基隆,SO2,1.7908333333333335
24,基隆,SO2,1.765277777777779
1,士林,NO2,13.377192982456132
2,士林,NO2,12.127058823529408
3,士林,NO2,11.513353115727007
4,士林,NO2,10.511854103343468
5,士林,NO2,10.210303030303036
6,士林,NO2,10.823738872403558
7,士林,NO2,13.317094017094018
8,士林,NO2,16.764804469273738
9,士林,NO2,18.550139275766018
10,士林,NO2,18.091922005571025
11,士林,NO2,16.46470588235295
12,士林,NO2,14.171428571428565
13,士林,NO2,11.691117478510028
14,士林,NO2,11.322636103151867
15,士林,NO2,12.318475073313792
16,士林,NO2,13.483620689655178
17,士林,NO2,15.449014084507043
18,士林,NO2,17.572346368715078
19,士林,NO2,18.514730878186963
20,士林,NO2,17.836827195467425
21,士林,NO2,17.097746478873233
22,士林,NO2,17.138135593220337
23,士林,NO2,17.12549575070822
24,士林,NO2,15.437037037037031
1,士林,PM10,39.692957746478875
2,士林,PM10,38.4180790960452
3,士林,PM10,37.31549295774648
4,士林,PM10,37.19662921348315
5,士林,PM10,37.21910112359551
6,士林,PM10,36.747191011235955
7,士林,PM10,36.6376404494382
8,士林,PM10,38.47605633802817
9,士林,PM10,41.245810055865924
10,士林,PM10,45.02247191011236
11,士林,PM10,47.296407185628745
12,士林,PM10,48.365269461077844
13,士林,PM10,48.03125
14,士林,PM10,46.73428571428571
15,士林,PM10,45.324786324786324
16,士林,PM10,45.910614525139664
17,士林,PM10,46.252100840336134
18,士林,PM10,46.5195530726257
19,士林,PM10,46.324022346368714
20,士林,PM10,45.58100558659218
21,士林,PM10,44.06703910614525
22,士林,PM10,42.67226890756302
23,士林,PM10,41.411764705882355
24,士林,PM10,40.96078431372549
1,士林,SO2,2.250413223140494
2,士林,SO2,2.178236914600552
3,士林,SO2,2.1862258953168054
4,士林,SO2,2.241758241758239
5,士林,SO2,2.2642857142857147
6,士林,SO2,2.1901098901098903
7,士林,SO2,2.3096153846153835
8,士林,SO2,2.552197802197802
9,士林,SO2,2.7851648351648346
10,士林,SO2,2.8764383561643827
11,士林,SO2,2.760818713450291
12,士林,SO2,2.7068452380952364
13,士林,SO2,2.5274011299435015
14,士林,SO2,2.388202247191011
15,士林,SO2,2.387535410764874
16,士林,SO2,2.3733893557422974
17,士林,SO2,2.3038674033149182
18,士林,SO2,2.2569863013698646
19,士林,SO2,2.1956284153005443
20,士林,SO2,2.178142076502733
21,士林,SO2,2.2150273224043735
22,士林,SO2,2.187671232876712
23,士林,SO2,2.1597260273972583
24,士林,SO2,2.221369863013698
1,大同,NO2,25.817486338797806
2,大同,NO2,22.059392265193367
3,大同,NO2,19.954929577464785
4,大同,NO2,18.00140845070423
5,大同,NO2,17.449861495844875
6,大同,NO2,20.17961432506887
7,大同,NO2,28.2702479338843
8,大同,NO2,35.89807162534435
9,大同,NO2,39.60853994490358
10,大同,NO2,40.00249307479224
11,大同,NO2,38.8954802259887
12,大同,NO2,36.11079545454545
13,大同,NO2,32.41805157593123
14,大同,NO2,31.823546511627907
15,大同,NO2,33.36094674556213
16,大同,NO2,34.86552706552706
17,大同,NO2,37.410555555555554
18,大同,NO2,41.09192200557103
19,大同,NO2,42.36914600550964
20,大同,NO2,40.95616438356164
21,大同,NO2,38.453005464480874
22,大同,NO2,37.62540983606558
23,大同,NO2,35.93415300546449
24,大同,NO2,31.34398907103825
1,大同,PM10,47.79608938547486
2,大同,PM10,43.78491620111732
3,大同,PM10,41.5214899713467
4,大同,PM10,40.674351585014406
5,大同,PM10,39.654178674351584
6,大同,PM10,39.69121813031161
7,大同,PM10,42.03661971830986
8,大同,PM10,48.15774647887324
9,大同,PM10,53.752112676056335
10,大同,PM10,57.36619718309859
11,大同,PM10,58.297994269340975
12,大同,PM10,58.10198300283286
13,大同,PM10,56.10115606936416
14,大同,PM10,54.10914454277286
15,大同,PM10,53.89910979228487
16,大同,PM10,54.54829545454545
17,大同,PM10,56.14565826330532
18,大同,PM10,57.34453781512605
19,大同,PM10,58.38655462184874
20,大同,PM10,58.555865921787706
21,大同,PM10,56.64525139664804
22,大同,PM10,54.98324022346369
23,大同,PM10,53.410614525139664
24,大同,PM10,51.26536312849162
1,大同,SO2,3.0210958904109586
2,大同,SO2,2.741712707182321
3,大同,SO2,2.658379888268155
4,大同,SO2,2.508938547486032
5,大同,SO2,2.3739612188365635
6,大同,SO2,2.453591160220993
7,大同,SO2,3.134530386740331
8,大同,SO2,4.387016574585635
9,大同,SO2,4.801104972375688
10,大同,SO2,4.200831024930746
11,大同,SO2,3.7691218130311626
12,大同,SO2,3.473371104815864
13,大同,SO2,3.336000000000001
14,大同,SO2,3.1915942028985516
15,大同,SO2,3.192647058823527
16,大同,SO2,3.1402857142857132
17,大同,SO2,3.3520891364902514
18,大同,SO2,3.8958563535911552
19,大同,SO2,4.371232876712324
20,大同,SO2,4.258904109589034
21,大同,SO2,3.990983606557379
22,大同,SO2,4.11912568306011
23,大同,SO2,4.134699453551912
24,大同,SO2,3.5156164383561643
1,大園,NO2,17.413934426229513
2,大園,NO2,14.985792349726779
3,大園,NO2,13.722404371584698
4,大園,NO2,12.732054794520556
5,大園,NO2,12.850000000000003
6,大園,NO2,14.109836065573768
7,大園,NO2,16.45327868852459
8,大園,NO2,17.825136612021858
9,大園,NO2,17.663835616438355
10,大園,NO2,16.48539944903581
11,大園,NO2,15.452407932011326
12,大園,NO2,14.135207100591712
13,大園,NO2,12.84700854700855
14,大園,NO2,12.783236994219651
15,大園,NO2,13.47771260997067
16,大園,NO2,14.177616279069763
17,大園,NO2,15.976880222841217
18,大園,NO2,17.974175824175827
19,大園,NO2,18.46912568306011
20,大園,NO2,18.885479452054796
21,大園,NO2,19.21945205479452
22,大園,NO2,18.74918032786885
23,大園,NO2,18.402732240437157
24,大園,NO2,18.171311475409833
1,大園,PM10,39.68627450980392
2,大園,PM10,39.04201680672269
3,大園,PM10,39.0812324929972
4,大園,PM10,38.406162464986
5,大園,PM10,38.418539325842694
6,大園,PM10,37.87359550561798
7,大園,PM10,39.25633802816901
8,大園,PM10,40.21348314606742
9,大園,PM10,41.98033707865169
10,大園,PM10,42.438202247191015
11,大園,PM10,43.21902017291066
12,大園,PM10,43.40406976744186
13,大園,PM10,43.15774647887324
14,大園,PM10,42.43142857142857
15,大園,PM10,41.96096096096096
16,大園,PM10,41.376068376068375
17,大園,PM10,41.59943977591036
18,大園,PM10,41.87675070028011
19,大園,PM10,42.27450980392157
20,大園,PM10,42.46778711484594
21,大園,PM10,42.45658263305322
22,大園,PM10,41.46498599439776
23,大園,PM10,40.88795518207283
24,大園,PM10,39.91596638655462
1,大園,SO2,4.594520547945206
2,大園,SO2,4.656830601092897
3,大園,SO2,4.5169398907103835
4,大園,SO2,4.362087912087911
5,大園,SO2,4.393939393939395
6,大園,SO2,4.733333333333331
7,大園,SO2,5.172252747252747
8,大園,SO2,5.419726027397262
9,大園,SO2,5.516528925619835
10,大園,SO2,5.078082191780822
11,大園,SO2,5.062499999999996
12,大園,SO2,4.645161290322581
13,大園,SO2,4.18153409090909
14,大園,SO2,3.8721264367816137
15,大園,SO2,3.76217008797654
16,大園,SO2,3.994690265486722
17,大園,SO2,4.45625
18,大園,SO2,4.433237822349571
19,大園,SO2,4.674643874643878
20,大園,SO2,4.679999999999998
21,大園,SO2,4.924657534246576
22,大園,SO2,5.102732240437156
23,大園,SO2,4.8991780821917805
24,大園,SO2,4.777534246575339
1,平鎮,NO2,17.218356164383568
2,平鎮,NO2,15.130327868852468
3,平鎮,NO2,14.189344262295085
4,平鎮,NO2,13.033972602739725
5,平鎮,NO2,12.64356164383561
6,平鎮,NO2,13.620821917808218
7,平鎮,NO2,16.22027397260274
8,平鎮,NO2,19.667397260273976
9,平鎮,NO2,18.691735537190088
10,平鎮,NO2,17.800824175824182
11,平鎮,NO2,17.211549295774642
12,平鎮,NO2,15.735174418604645
13,平鎮,NO2,14.1314121037464
14,平鎮,NO2,13.247398843930634
15,平鎮,NO2,13.997994269340968
16,平鎮,NO2,15.350415512465373
17,平鎮,NO2,17.719398907103827
18,平鎮,NO2,20.740437158469945
19,平鎮,NO2,22.957377049180327
20,平鎮,NO2,22.88770491803278
21,平鎮,NO2,22.415027322404367
22,平鎮,NO2,22.494808743169393
23,平鎮,NO2,21.12185792349727
24,平鎮,NO2,19.199726775956286
1,平鎮,PM10,49.5266106442577
2,平鎮,PM10,47.753501400560225
3,平鎮,PM10,46.410614525139664
4,平鎮,PM10,45.95530726256983
5,平鎮,PM10,45.19607843137255
6,平鎮,PM10,44.85674157303371
7,平鎮,PM10,45.69747899159664
8,平鎮,PM10,48.596638655462186
9,平鎮,PM10,50.54494382022472
10,平鎮,PM10,52.86516853932584
11,平鎮,PM10,53.48571428571429
12,平鎮,PM10,54.52873563218391
13,平鎮,PM10,54.140845070422536
14,平鎮,PM10,53.426086956521736
15,平鎮,PM10,52.53735632183908
16,平鎮,PM10,52.94134078212291
17,平鎮,PM10,53.46218487394958
18,平鎮,PM10,54.056022408963585
19,平鎮,PM10,54.71787709497207
20,平鎮,PM10,54.938375350140056
21,平鎮,PM10,54.1536312849162
22,平鎮,PM10,52.93296089385475
23,平鎮,PM10,51.96648044692738
24,平鎮,PM10,50.69832402234637
1,平鎮,SO2,4.250549450549453
2,平鎮,SO2,4.284383561643836
3,平鎮,SO2,4.3301369863013655
4,平鎮,SO2,4.331232876712331
5,平鎮,SO2,4.265934065934067
6,平鎮,SO2,4.36291208791209
7,平鎮,SO2,4.612637362637365
8,平鎮,SO2,4.7824175824175805
9,平鎮,SO2,4.657458563535912
10,平鎮,SO2,4.2443526170798895
11,平鎮,SO2,4.085633802816904
12,平鎮,SO2,3.874492753623187
13,平鎮,SO2,3.6836257309941534
14,平鎮,SO2,3.4942196531791914
15,平鎮,SO2,3.375287356321843
16,平鎮,SO2,3.4645251396648056
17,平鎮,SO2,3.6232876712328754
18,平鎮,SO2,3.854246575342467
19,平鎮,SO2,4.109315068493153
20,平鎮,SO2,4.287945205479454
21,平鎮,SO2,4.445329670329667
22,平鎮,SO2,4.70821917808219
23,平鎮,SO2,4.615890410958906
24,平鎮,SO2,4.466849315068489
1,新店,NO2,10.11061452513967
2,新店,NO2,8.164887640449445
3,新店,NO2,7.070111731843574
4,新店,NO2,6.349025069637885
5,新店,NO2,6.259610027855154
6,新店,NO2,7.05126050420168
7,新店,NO2,9.909523809523812
8,新店,NO2,13.780112044817928
9,新店,NO2,14.289859154929582
10,新店,NO2,14.48551532033426
11,新店,NO2,14.154029850746264
12,新店,NO2,13.207602339181292
13,新店,NO2,12.953672316384177
14,新店,NO2,12.84883040935672
15,新店,NO2,13.122608695652174
16,新店,NO2,14.25140449438202
17,新店,NO2,16.249019607843145
18,新店,NO2,18.260055865921785
19,新店,NO2,19.67158774373259
20,新店,NO2,18.803888888888892
21,新店,NO2,17.151944444444446
22,新店,NO2,16.54888888888888
23,新店,NO2,15.004166666666666
24,新店,NO2,12.379108635097497
1,新店,PM10,28.29394812680115
2,新店,PM10,27.561046511627907
3,新店,PM10,26.512968299711815
4,新店,PM10,26.318840579710145
5,新店,PM10,25.80635838150289
6,新店,PM10,25.78488372093023
7,新店,PM10,25.77259475218659
8,新店,PM10,26.779710144927535
9,新店,PM10,29.399425287356323
10,新店,PM10,32.07692307692308
11,新店,PM10,34.739263803680984
12,新店,PM10,36.450581395348834
13,新店,PM10,36.934472934472936
14,新店,PM10,37.551319648093845
15,新店,PM10,38.32947976878613
16,新店,PM10,38.060171919770774
17,新店,PM10,37.417142857142856
18,新店,PM10,35.77556818181818
19,新店,PM10,34.23863636363637
20,新店,PM10,33.46875
21,新店,PM10,32.25568181818182
22,新店,PM10,31.24715909090909
23,新店,PM10,30.71551724137931
24,新店,PM10,29.111428571428572
1,新店,SO2,1.8088888888888894
2,新店,SO2,1.6391666666666678
3,新店,SO2,1.573333333333334
4,新店,SO2,1.507777777777779
5,新店,SO2,1.458611111111111
6,新店,SO2,1.4832869080779951
7,新店,SO2,1.5114206128133705
8,新店,SO2,1.7512534818941499
9,新店,SO2,2.0946927374301687
10,新店,SO2,2.3447513812154694
11,新店,SO2,2.561538461538462
12,新店,SO2,2.7217008797653945
13,新店,SO2,2.9124293785310726
14,新店,SO2,2.980869565217393
15,新店,SO2,2.8571839080459767
16,新店,SO2,2.810555555555557
17,新店,SO2,2.6590027700831023
18,新店,SO2,2.560773480662983
19,新店,SO2,2.4237569060773483
20,新店,SO2,2.2707182320441976
21,新店,SO2,2.090607734806629
22,新店,SO2,2.0856353591160235
23,新店,SO2,2.0596685082872943
24,新店,SO2,1.9379501385041549
1,新莊,NO2,19.240802675585286
2,新莊,NO2,17.351170568561873
3,新莊,NO2,15.669666666666675
4,新莊,NO2,14.670903010033445
5,新莊,NO2,14.78277027027027
6,新莊,NO2,15.309666666666672
7,新莊,NO2,18.17725752508361
8,新莊,NO2,22.654000000000003
9,新莊,NO2,24.657094594594593
10,新莊,NO2,23.10933333333333
11,新莊,NO2,20.03333333333333
12,新莊,NO2,18.190681003584235
13,新莊,NO2,15.933564013840831
14,新莊,NO2,15.056313993174061
15,新莊,NO2,15.952464788732394
16,新莊,NO2,17.897945205479452
17,新莊,NO2,20.49324324324324
18,新莊,NO2,23.7261744966443
19,新莊,NO2,26.046308724832215
20,新莊,NO2,25.599666666666668
21,新莊,NO2,24.899666666666665
22,新莊,NO2,24.43210702341137
23,新莊,NO2,23.499
24,新莊,NO2,21.508695652173913
1,新莊,PM10,38.252631578947366
2,新莊,PM10,39.1280276816609
3,新莊,PM10,38.48965517241379
4,新莊,PM10,37.92096219931271
5,新莊,PM10,37.74570446735395
6,新莊,PM10,38.31164383561644
7,新莊,PM10,38.09556313993174
8,新莊,PM10,39.14776632302406
9,新莊,PM10,42.35374149659864
10,新莊,PM10,44.665529010238906
11,新莊,PM10,45.3
12,新莊,PM10,45.635714285714286
13,新莊,PM10,43.76027397260274
14,新莊,PM10,43.99650349650349
15,新莊,PM10,45.23321554770318
16,新莊,PM10,46.101694915254235
17,新莊,PM10,46.37162162162162
18,新莊,PM10,46.454237288135594
19,新莊,PM10,44.82372881355932
20,新莊,PM10,42.00677966101695
21,新莊,PM10,40.81292517006803
22,新莊,PM10,39.91836734693877
23,新莊,PM10,38.93197278911565
24,新莊,PM10,37.45360824742268
1,新莊,SO2,4.558862876254183
2,新莊,SO2,4.596989966555185
3,新莊,SO2,4.677591973244146
4,新莊,SO2,4.818644067796611
5,新莊,SO2,5.063605442176869
6,新莊,SO2,4.919387755102043
7,新莊,SO2,5.004761904761904
8,新莊,SO2,4.979322033898305
9,新莊,SO2,5.09554794520548
10,新莊,SO2,4.834237288135591
11,新莊,SO2,4.338947368421055
12,新莊,SO2,3.928158844765341
13,新莊,SO2,3.647719298245614
14,新莊,SO2,3.382926829268291
15,新莊,SO2,3.321875
16,新莊,SO2,3.366552901023891
17,新莊,SO2,3.358843537414965
18,新莊,SO2,3.3770547945205482
19,新莊,SO2,3.447986577181209
20,新莊,SO2,3.4290969899665544
21,新莊,SO2,3.5946308724832226
22,新莊,SO2,4.0788590604026815
23,新莊,SO2,4.098657718120804
24,新莊,SO2,4.336241610738253
1,松山,NO2,17.886776859504128
2,松山,NO2,15.050964187327828
3,松山,NO2,13.536464088397784
4,松山,NO2,12.052793296089387
5,松山,NO2,11.393628808864275
6,松山,NO2,12.07479224376731
7,松山,NO2,17.58241758241758
8,松山,NO2,23.36986301369863
9,松山,NO2,26.289136490250694
10,松山,NO2,26.435082872928177
11,松山,NO2,24.06063218390804
12,松山,NO2,21.504335260115614
13,松山,NO2,18.874074074074073
14,松山,NO2,18.120175438596494
15,松山,NO2,19.80462427745664
16,松山,NO2,21.233898305084754
17,松山,NO2,23.297222222222214
18,松山,NO2,26.60246575342466
19,松山,NO2,28.209315068493154
20,松山,NO2,27.889315068493158
21,松山,NO2,26.529589041095893
22,松山,NO2,25.94109589041096
23,松山,NO2,24.682191780821917
24,松山,NO2,21.358356164383565
1,松山,PM10,34.14985590778098
2,松山,PM10,31.771676300578033
3,松山,PM10,31.090379008746357
4,松山,PM10,30.93586005830904
5,松山,PM10,31.451895043731778
6,松山,PM10,30.88081395348837
7,松山,PM10,31.463556851311953
8,松山,PM10,34.0843023255814
9,松山,PM10,39.60932944606414
10,松山,PM10,45.71470588235294
11,松山,PM10,49.90402476780186
12,松山,PM10,51.74698795180723
13,松山,PM10,49.538922155688624
14,松山,PM10,47.58282208588957
15,松山,PM10,47.390243902439025
16,松山,PM10,50.160237388724035
17,松山,PM10,51.380116959064324
18,松山,PM10,50.76967930029154
19,松山,PM10,47.834782608695654
20,松山,PM10,44.0635838150289
21,松山,PM10,41.002873563218394
22,松山,PM10,39.49279538904899
23,松山,PM10,38.172413793103445
24,松山,PM10,36.94269340974212
1,松山,SO2,2.3545731707317086
2,松山,SO2,2.311881188118815
3,松山,SO2,2.3139344262295096
4,松山,SO2,2.2266483516483495
5,松山,SO2,2.1266483516483494
6,松山,SO2,2.0605479452054793
7,松山,SO2,2.186612021857925
8,松山,SO2,2.543715846994535
9,松山,SO2,2.9167123287671237
10,松山,SO2,3.045706371191135
11,松山,SO2,2.962356321839082
12,松山,SO2,2.9794797687861267
13,松山,SO2,2.995467422096317
14,松山,SO2,3.089306358381502
15,松山,SO2,3.169364161849711
16,松山,SO2,3.1027855153203343
17,松山,SO2,3.2191666666666676
18,松山,SO2,3.2091160220994457
19,松山,SO2,2.9110192837465574
20,松山,SO2,2.6087912087912075
21,松山,SO2,2.496978021978022
22,松山,SO2,2.5630136986301353
23,松山,SO2,2.5392857142857146
24,松山,SO2,2.4434065934065927
1,板橋,NO2,19.124863387978145
2,板橋,NO2,16.43287671232877
3,板橋,NO2,14.873224043715846
4,板橋,NO2,13.792307692307686
5,板橋,NO2,13.509366391184574
6,板橋,NO2,14.674316939890716
7,板橋,NO2,19.193715846994536
8,板橋,NO2,24.394808743169396
9,板橋,NO2,27.996703296703295
10,板橋,NO2,26.919452054794522
11,板橋,NO2,24.75057471264367
12,板橋,NO2,22.50339943342776
13,板橋,NO2,20.427887323943654
14,板橋,NO2,19.64897959183673
15,板橋,NO2,20.6043227665706
16,板橋,NO2,22.46211699164345
17,板橋,NO2,25.113611111111116
18,板橋,NO2,28.472099447513813
19,板橋,NO2,30.701095890410958
20,板橋,NO2,30.36958904109589
21,板橋,NO2,28.68005464480875
22,板橋,NO2,27.696994535519128
23,板橋,NO2,26.241803278688526
24,板橋,NO2,22.80575342465754
1,板橋,PM10,39.103641456582636
2,板橋,PM10,38.54189944134078
3,板橋,PM10,37.097765363128495
4,板橋,PM10,36.62011173184357
5,板橋,PM10,36.312849162011176
6,板橋,PM10,36.46218487394958
7,板橋,PM10,37.05307262569833
8,板橋,PM10,39.42178770949721
9,板橋,PM10,44.06442577030813
10,板橋,PM10,46.76056338028169
11,板橋,PM10,46.29824561403509
12,板橋,PM10,46.50857142857143
13,板橋,PM10,45.94632768361582
14,板橋,PM10,44.54733727810651
15,板橋,PM10,45.32183908045977
16,板橋,PM10,46.155367231638415
17,板橋,PM10,46.290140845070425
18,板橋,PM10,45.81005586592179
19,板橋,PM10,45.24860335195531
20,板橋,PM10,44.142458100558656
21,板橋,PM10,42.55865921787709
22,板橋,PM10,41.60335195530726
23,板橋,PM10,40.737430167597765
24,板橋,PM10,39.19832402234637
1,板橋,SO2,4.015977961432507
2,板橋,SO2,4.095068493150683
3,板橋,SO2,4.063835616438357
4,板橋,SO2,4.175616438356163
5,板橋,SO2,4.168767123287669
6,板橋,SO2,4.047527472527467
7,板橋,SO2,4.2585164835164875
8,板橋,SO2,4.495890410958901
9,板橋,SO2,4.431578947368425
10,板橋,SO2,4.148484848484848
11,板橋,SO2,3.777809798270891
12,板橋,SO2,3.5593659942363116
13,板橋,SO2,3.5113636363636362
14,板橋,SO2,3.3839181286549724
15,板橋,SO2,3.3573487031700293
16,板橋,SO2,3.3222535211267576
17,板橋,SO2,3.28756906077348
18,板橋,SO2,3.4407713498622607
19,板橋,SO2,3.6654794520547966
20,板橋,SO2,3.7252054794520566
21,板橋,SO2,3.5969863013698626
22,板橋,SO2,3.9969863013698625
23,板橋,SO2,4.004945054945054
24,板橋,SO2,3.957851239669419
1,林口,NO2,13.962809917355385
2,林口,NO2,12.02872928176796
3,林口,NO2,11.28166666666667
4,林口,NO2,10.270083102493071
5,林口,NO2,10.04542936288088
6,林口,NO2,10.452066115702474
7,林口,NO2,12.337741046831955
8,林口,NO2,15.468595041322315
9,林口,NO2,16.228650137741045
10,林口,NO2,15.249862258953158
11,林口,NO2,13.910795454545461
12,林口,NO2,13.01637931034483
13,林口,NO2,11.090517241379315
14,林口,NO2,10.416045845272212
15,林口,NO2,10.65304347826087
16,林口,NO2,11.74700854700855
17,林口,NO2,13.332320441988951
18,林口,NO2,16.01570247933883
19,林口,NO2,17.84945054945055
20,林口,NO2,18.41208791208791
21,林口,NO2,18.37142857142858
22,林口,NO2,18.36813186813187
23,林口,NO2,17.50275482093664
24,林口,NO2,15.603581267217631
1,林口,PM10,34.58543417366947
2,林口,PM10,34.12640449438202
3,林口,PM10,34.01412429378531
4,林口,PM10,33.72957746478873
5,林口,PM10,33.00282485875706
6,林口,PM10,33.38483146067416
7,林口,PM10,33.74858757062147
8,林口,PM10,35.64971751412429
9,林口,PM10,37.983050847457626
10,林口,PM10,38.77247191011236
11,林口,PM10,39.474137931034484
12,林口,PM10,40.364672364672366
13,林口,PM10,40.62215909090909
14,林口,PM10,39.34017595307918
15,林口,PM10,40.39402985074627
16,林口,PM10,41.30790960451977
17,林口,PM10,41.21848739495798
18,林口,PM10,40.70391061452514
19,林口,PM10,40.25698324022346
20,林口,PM10,39.125698324022345
21,林口,PM10,37.94134078212291
22,林口,PM10,37.28212290502793
23,林口,PM10,36.438202247191015
24,林口,PM10,35.089635854341736
1,林口,SO2,3.0362880886426584
2,林口,SO2,2.9625
3,林口,SO2,3.1197771587743715
4,林口,SO2,3.107799442896934
5,林口,SO2,3.286033519553074
6,林口,SO2,3.1666666666666647
7,林口,SO2,3.2888888888888888
8,林口,SO2,3.5891666666666677
9,林口,SO2,3.6081005586592205
10,林口,SO2,3.4377777777777787
11,林口,SO2,3.18142857142857
12,林口,SO2,3.078488372093023
13,林口,SO2,2.8263005780346844
14,林口,SO2,2.5982558139534864
15,林口,SO2,2.5078260869565208
16,林口,SO2,2.5046376811594224
17,林口,SO2,2.6041782729804996
18,林口,SO2,2.918732782369147
19,林口,SO2,2.9218232044198884
20,林口,SO2,3.236740331491713
21,林口,SO2,3.3218232044198897
22,林口,SO2,3.311325966850829
23,林口,SO2,3.2542936288088646
24,林口,SO2,3.039612188365652
1,桃園,NO2,17.323287671232883
2,桃園,NO2,15.886885245901638
3,桃園,NO2,14.89095890410959
4,桃園,NO2,13.563013698630128
5,桃園,NO2,13.136438356164383
6,桃園,NO2,13.707692307692303
7,桃園,NO2,16.73041095890411
8,桃園,NO2,20.929589041095895
9,桃園,NO2,21.003021978021977
10,桃園,NO2,20.09120879120879
11,桃園,NO2,19.046306818181822
12,桃園,NO2,18.430701754385968
13,桃園,NO2,16.55057142857143
14,桃園,NO2,15.951274787535409
15,桃園,NO2,17.114409221902015
16,桃園,NO2,18.01615598885794
17,桃園,NO2,19.974792243767318
18,桃園,NO2,23.06840659340659
19,桃園,NO2,23.674520547945207
20,桃園,NO2,22.83479452054794
21,桃園,NO2,22.851639344262296
22,桃園,NO2,22.106557377049175
23,桃園,NO2,21.201366120218587
24,桃園,NO2,19.372677595628414
1,桃園,PM10,39.226628895184135
2,桃園,PM10,37.538243626062325
3,桃園,PM10,37.907042253521126
4,桃園,PM10,38.40340909090909
5,桃園,PM10,37.74147727272727
6,桃園,PM10,37.50997150997151
7,桃園,PM10,38.26
8,桃園,PM10,40.51988636363637
9,桃園,PM10,42.37321937321937
10,桃園,PM10,43.25284090909091
11,桃園,PM10,42.23893805309734
12,桃園,PM10,42.607142857142854
13,桃園,PM10,41.65895953757225
14,桃園,PM10,41.174418604651166
15,桃園,PM10,41.358381502890175
16,桃園,PM10,41.27401129943503
17,桃園,PM10,41.17796610169491
18,桃園,PM10,41.35774647887324
19,桃園,PM10,41.85633802816901
20,桃園,PM10,41.46306818181818
21,桃園,PM10,41.279661016949156
22,桃園,PM10,41.663841807909606
23,桃園,PM10,41.655367231638415
24,桃園,PM10,40.43502824858757
1,桃園,SO2,6.850000000000001
2,桃園,SO2,7.762465753424659
3,桃園,SO2,8.077808219178083
4,桃園,SO2,8.085205479452046
5,桃園,SO2,7.881917808219179
6,桃園,SO2,8.302739726027395
7,桃園,SO2,9.108767123287675
8,桃園,SO2,8.933698630136988
9,桃園,SO2,7.2875346260387825
10,桃園,SO2,5.614364640883979
11,桃園,SO2,4.775637393767702
12,桃園,SO2,4.470087976539587
13,桃園,SO2,4.19364161849711
14,桃園,SO2,3.928818443804037
15,桃園,SO2,3.786005830903791
16,桃園,SO2,3.7415730337078625
17,桃園,SO2,4.004972375690608
18,桃園,SO2,4.347814207650271
19,桃園,SO2,4.928415300546452
20,桃園,SO2,5.341256830601094
21,桃園,SO2,5.746174863387977
22,桃園,SO2,6.399453551912566
23,桃園,SO2,6.85273224043716
24,桃園,SO2,6.598907103825135
1,永和,NO2,15.54010989010989
2,永和,NO2,12.896153846153856
3,永和,NO2,11.346301369863015
4,永和,NO2,9.982465753424655
5,永和,NO2,9.936986301369869
6,永和,NO2,11.88356164383561
7,永和,NO2,16.355890410958907
8,永和,NO2,22.595628415300546
9,永和,NO2,27.88879551820728
10,永和,NO2,28.84254143646409
11,永和,NO2,28.15187319884726
12,永和,NO2,27.442318840579706
13,永和,NO2,24.80734463276836
14,永和,NO2,24.99650145772595
15,永和,NO2,25.757848837209306
16,永和,NO2,25.8090909090909
17,永和,NO2,26.408264462809925
18,永和,NO2,27.631967213114752
19,永和,NO2,28.04808743169399
20,永和,NO2,26.35191256830601
21,永和,NO2,23.987158469945353
22,永和,NO2,22.796448087431695
23,永和,NO2,21.840710382513667
24,永和,NO2,18.99754098360656
1,永和,PM10,32.247191011235955
2,永和,PM10,31.00561797752809
3,永和,PM10,30.110169491525422
4,永和,PM10,29.325842696629213
5,永和,PM10,29.025495750708217
6,永和,PM10,29.143661971830987
7,永和,PM10,31.40449438202247
8,永和,PM10,37.515406162464984
9,永和,PM10,44.588235294117645
10,永和,PM10,48.15406162464986
11,永和,PM10,50.24495677233429
12,永和,PM10,52.59322033898305
13,永和,PM10,52.64225352112676
14,永和,PM10,50.27272727272727
15,永和,PM10,50.628242074927954
16,永和,PM10,50.65449438202247
17,永和,PM10,49.21348314606742
18,永和,PM10,48.134453781512605
19,永和,PM10,46.470588235294116
20,永和,PM10,43.22346368715084
21,永和,PM10,39.910614525139664
22,永和,PM10,37.98882681564246
23,永和,PM10,35.87150837988827
24,永和,PM10,33.87709497206704
1,永和,SO2,2.385555555555555
2,永和,SO2,2.0435754189944135
3,永和,SO2,2.0079320113314445
4,永和,SO2,1.9677142857142862
5,永和,SO2,1.9162393162393172
6,永和,SO2,1.9552706552706558
7,永和,SO2,2.2475783475783495
8,永和,SO2,3.0648876404494394
9,永和,SO2,3.809714285714284
10,永和,SO2,3.7061971830985936
11,永和,SO2,3.469767441860466
12,永和,SO2,3.399704142011837
13,永和,SO2,3.2497126436781594
14,永和,SO2,3.2232352941176488
15,永和,SO2,3.1873156342182902
16,永和,SO2,3.0828571428571414
17,永和,SO2,3.1101123595505613
18,永和,SO2,3.214681440443214
19,永和,SO2,3.2660220994475155
20,永和,SO2,3.169613259668506
21,永和,SO2,2.9930939226519344
22,永和,SO2,2.8765193370165765
23,永和,SO2,2.7165745856353567
24,永和,SO2,2.5168508287292832
1,汐止,NO2,16.09527777777777
2,汐止,NO2,14.240730337078647
3,汐止,NO2,13.462429378531084
4,汐止,NO2,13.148882681564237
5,汐止,NO2,12.976536312849166
6,汐止,NO2,14.66583333333333
7,汐止,NO2,18.44194444444444
8,汐止,NO2,22.49252077562327
9,汐止,NO2,22.489473684210534
10,汐止,NO2,21.531318681318677
11,汐止,NO2,19.250584795321636
12,汐止,NO2,17.784438040345822
13,汐止,NO2,16.39157303370786
14,汐止,NO2,15.447826086956525
15,汐止,NO2,16.670317002881838
16,汐止,NO2,17.641944444444448
17,汐止,NO2,19.310439560439562
18,汐止,NO2,22.20219780219781
19,汐止,NO2,23.559178082191785
20,汐止,NO2,23.939890710382514
21,汐止,NO2,22.660000000000004
22,汐止,NO2,21.765205479452057
23,汐止,NO2,20.5027397260274
24,汐止,NO2,18.183149171270713
1,汐止,PM10,33.21848739495798
2,汐止,PM10,32.73669467787115
3,汐止,PM10,31.41176470588235
4,汐止,PM10,31.23098591549296
5,汐止,PM10,31.02247191011236
6,汐止,PM10,31.291784702549574
7,汐止,PM10,32.69209039548023
8,汐止,PM10,35.621468926553675
9,汐止,PM10,37.48324022346369
10,汐止,PM10,38.18994413407821
11,汐止,PM10,37.83040935672515
12,汐止,PM10,37.14204545454545
13,汐止,PM10,36.26183844011142
14,汐止,PM10,35.63848396501458
15,汐止,PM10,35.40524781341108
16,汐止,PM10,35.29943502824859
17,汐止,PM10,36.13725490196079
18,汐止,PM10,36.47206703910614
19,汐止,PM10,36.89693593314763
20,汐止,PM10,37.15320334261838
21,汐止,PM10,36.47486033519553
22,汐止,PM10,35.6078431372549
23,汐止,PM10,34.95810055865922
24,汐止,PM10,33.90196078431372
1,汐止,SO2,3.4739010989011008
2,汐止,SO2,3.3604395604395605
3,汐止,SO2,3.319780219780224
4,汐止,SO2,3.408264462809917
5,汐止,SO2,3.3192837465564766
6,汐止,SO2,3.4237569060773465
7,汐止,SO2,3.602493074792246
8,汐止,SO2,3.781717451523545
9,汐止,SO2,3.8774373259052926
10,汐止,SO2,3.835439560439559
11,汐止,SO2,3.8046647230320687
12,汐止,SO2,3.882905982905985
13,汐止,SO2,4.048888888888887
14,汐止,SO2,4.463294797687862
15,汐止,SO2,4.327507163323781
16,汐止,SO2,4.474581005586592
17,汐止,SO2,4.297802197802197
18,汐止,SO2,4.139285714285712
19,汐止,SO2,3.7199999999999993
20,汐止,SO2,3.5876712328767097
21,汐止,SO2,3.563661202185789
22,汐止,SO2,3.49344262295082
23,汐止,SO2,3.6409836065573757
24,汐止,SO2,3.5680327868852455
1,淡水,NO2,10.991340782122895
2,淡水,NO2,10.184033613445383
3,淡水,NO2,9.701404494382016
4,淡水,NO2,9.055492957746472
5,淡水,NO2,9.079718309859155
6,淡水,NO2,9.752100840336126
7,淡水,NO2,11.922253521126757
8,淡水,NO2,13.465633802816907
9,淡水,NO2,12.842655367231636
10,淡水,NO2,11.32486033519552
11,淡水,NO2,9.756976744186048
12,淡水,NO2,8.385755813953493
13,淡水,NO2,7.169688385269123
14,淡水,NO2,6.975284090909096
15,淡水,NO2,7.2499999999999964
16,淡水,NO2,8.157428571428573
17,淡水,NO2,9.327071823204415
18,淡水,NO2,11.50274725274725
19,淡水,NO2,13.389071038251357
20,淡水,NO2,14.423013698630136
21,淡水,NO2,14.521428571428581
22,淡水,NO2,13.872802197802194
23,淡水,NO2,13.77438016528925
24,淡水,NO2,12.504143646408842
1,淡水,PM10,33.01146131805157
2,淡水,PM10,32.45428571428572
3,淡水,PM10,31.939655172413794
4,淡水,PM10,31.80515759312321
5,淡水,PM10,31.775862068965516
6,淡水,PM10,31.7816091954023
7,淡水,PM10,32.23342939481268
8,淡水,PM10,34.32848837209303
9,淡水,PM10,35.42897727272727
10,淡水,PM10,35.93732193732194
11,淡水,PM10,35.84272997032641
12,淡水,PM10,35.39017341040462
13,淡水,PM10,35.19774011299435
14,淡水,PM10,34.74715909090909
15,淡水,PM10,34.40117994100295
16,淡水,PM10,35.170028818443804
17,淡水,PM10,35.7563025210084
18,淡水,PM10,36.25698324022346
19,淡水,PM10,36.12849162011173
20,淡水,PM10,36.348314606741575
21,淡水,PM10,36.32676056338028
22,淡水,PM10,35.225352112676056
23,淡水,PM10,33.57746478873239
24,淡水,PM10,32.68838526912181
1,淡水,SO2,1.9933333333333334
2,淡水,SO2,1.9830083565459584
3,淡水,SO2,1.9695530726256987
4,淡水,SO2,1.984078212290503
5,淡水,SO2,2.033333333333331
6,淡水,SO2,2.1602240896358538
7,淡水,SO2,2.420224719101124
8,淡水,SO2,2.702816901408448
9,淡水,SO2,2.770985915492959
10,淡水,SO2,2.9375
11,淡水,SO2,2.868497109826587
12,淡水,SO2,2.746685878962536
13,淡水,SO2,2.544537815126051
14,淡水,SO2,2.412921348314605
15,淡水,SO2,2.263636363636364
16,淡水,SO2,2.103389830508475
17,淡水,SO2,2.0457534246575335
18,淡水,SO2,2.0538251366120206
19,淡水,SO2,2.086338797814207
20,淡水,SO2,2.009589041095891
21,淡水,SO2,2.069589041095889
22,淡水,SO2,2.042032967032969
23,淡水,SO2,2.0936813186813197
24,淡水,SO2,2.05702479338843
1,菜寮,NO2,19.48805555555556
2,菜寮,NO2,17.01235955056179
3,菜寮,NO2,15.772957746478877
4,菜寮,NO2,14.320505617977522
5,菜寮,NO2,13.608169014084506
6,菜寮,NO2,14.678591549295769
7,菜寮,NO2,18.21309192200557
8,菜寮,NO2,23.026111111111113
9,菜寮,NO2,24.565277777777776
10,菜寮,NO2,23.824861878453046
11,菜寮,NO2,22.19733727810651
12,菜寮,NO2,19.65833333333334
13,菜寮,NO2,17.123249299719888
14,菜寮,NO2,16.26101694915254
15,菜寮,NO2,17.27869318181818
16,菜寮,NO2,18.37960893854749
17,菜寮,NO2,21.02692307692307
18,菜寮,NO2,24.87272727272727
19,菜寮,NO2,27.24986225895317
20,菜寮,NO2,27.20686813186813
21,菜寮,NO2,26.344505494505494
22,菜寮,NO2,25.453719008264464
23,菜寮,NO2,24.900000000000002
24,菜寮,NO2,22.145706371191142
1,菜寮,PM10,37.42696629213483
2,菜寮,PM10,36.735211267605635
3,菜寮,PM10,35.60734463276836
4,菜寮,PM10,35.48441926345609
5,菜寮,PM10,34.39376770538244
6,菜寮,PM10,33.92090395480226
7,菜寮,PM10,34.80225988700565
8,菜寮,PM10,37.97457627118644
9,菜寮,PM10,41.61624649859944
10,菜寮,PM10,43.63687150837989
11,菜寮,PM10,44.4537037037037
12,菜寮,PM10,44.95786516853933
13,菜寮,PM10,42.762569832402235
14,菜寮,PM10,40.505714285714284
15,菜寮,PM10,40.41595441595442
16,菜寮,PM10,41.31549295774648
17,菜寮,PM10,40.97486033519553
18,菜寮,PM10,41.229050279329606
19,菜寮,PM10,41.35474860335196
20,菜寮,PM10,41.03351955307262
21,菜寮,PM10,40.100558659217874
22,菜寮,PM10,39.100558659217874
23,菜寮,PM10,38.340782122905026
24,菜寮,PM10,37.63305322128851
1,菜寮,SO2,3.020936639118457
2,菜寮,SO2,3.1875346260387807
3,菜寮,SO2,3.1376731301939054
4,菜寮,SO2,3.132132963988921
5,菜寮,SO2,3.0227777777777773
6,菜寮,SO2,2.9516666666666658
7,菜寮,SO2,3.0005555555555543
8,菜寮,SO2,3.2583333333333333
9,菜寮,SO2,3.62
10,菜寮,SO2,3.4638121546961296
11,菜寮,SO2,3.3430267062314525
12,菜寮,SO2,3.2288951841359776
13,菜寮,SO2,3.0787709497206706
14,菜寮,SO2,2.9647887323943682
15,菜寮,SO2,2.884659090909091
16,菜寮,SO2,2.7877777777777784
17,菜寮,SO2,2.7454794520547936
18,菜寮,SO2,2.7802739726027412
19,菜寮,SO2,2.917534246575344
20,菜寮,SO2,2.956712328767123
21,菜寮,SO2,2.959726027397258
22,菜寮,SO2,3.0528767123287643
23,菜寮,SO2,3.076986301369861
24,菜寮,SO2,3.1255494505494505
1,萬華,NO2,20.39944903581267
2,萬華,NO2,17.243093922651937
3,萬華,NO2,15.132872928176797
4,萬華,NO2,13.248753462603874
5,萬華,NO2,12.598611111111104
6,萬華,NO2,13.648189415041777
7,萬華,NO2,19.390277777777776
8,萬華,NO2,25.06620498614959
9,萬華,NO2,28.837604456824515
10,萬華,NO2,29.160724233983288
11,萬華,NO2,27.76706231454006
12,萬華,NO2,25.791343283582084
13,萬華,NO2,23.652011494252882
14,萬華,NO2,23.775652173913038
15,萬華,NO2,25.213352272727267
16,萬華,NO2,27.07661971830986
17,萬華,NO2,29.65277777777778
18,萬華,NO2,33.23011049723757
19,萬華,NO2,35.09090909090909
20,萬華,NO2,33.97796143250689
21,萬華,NO2,32.18595041322314
22,萬華,NO2,31.087603305785123
23,萬華,NO2,29.71625344352617
24,萬華,NO2,25.36491712707183
1,萬華,PM10,35.92112676056338
2,萬華,PM10,34.63841807909605
3,萬華,PM10,33.740112994350284
4,萬華,PM10,33.26912181303116
5,萬華,PM10,32.41761363636363
6,萬華,PM10,31.837606837606838
7,萬華,PM10,32.249283667621775
8,萬華,PM10,34.14899713467049
9,萬華,PM10,37.0487106017192
10,萬華,PM10,40.554597701149426
11,萬華,PM10,42.80722891566265
12,萬華,PM10,44.25892857142857
13,萬華,PM10,44.25925925925926
14,萬華,PM10,43.12320916905444
15,萬華,PM10,42.73504273504273
16,萬華,PM10,43.65811965811966
17,萬華,PM10,44.01699716713881
18,萬華,PM10,43.98870056497175
19,萬華,PM10,43.61864406779661
20,萬華,PM10,42.94632768361582
21,萬華,PM10,42.180281690140845
22,萬華,PM10,40.695774647887326
23,萬華,PM10,39.33521126760564
24,萬華,PM10,37.5943661971831
1,萬華,SO2,2.574931129476583
2,萬華,SO2,2.52403314917127
3,萬華,SO2,2.420718232044197
4,萬華,SO2,2.404155124653741
5,萬華,SO2,2.308310249307478
6,萬華,SO2,2.2321329639889194
7,萬華,SO2,2.3449999999999984
8,萬華,SO2,2.767777777777779
9,萬華,SO2,3.1675070028011234
10,萬華,SO2,3.1596100278551544
11,萬華,SO2,3.113313609467454
12,萬華,SO2,3.0003021148036253
13,萬華,SO2,2.9920227920227926
14,萬華,SO2,2.9193641618497113
15,萬華,SO2,2.764406779661016
16,萬華,SO2,2.7016806722689077
17,萬華,SO2,2.6816155988857933
18,萬華,SO2,2.823333333333333
19,萬華,SO2,3.017079889807162
20,萬華,SO2,3.2082644628099173
21,萬華,SO2,2.858953168044074
22,萬華,SO2,2.7966942148760334
23,萬華,SO2,2.8228650137741056
24,萬華,SO2,2.6920110192837474
1,萬里,NO2,4.573407202216072
2,萬里,NO2,4.11388888888889
3,萬里,NO2,3.854874651810587
4,萬里,NO2,3.644568245125344
5,萬里,NO2,3.8768156424581
6,萬里,NO2,4.2587743732590555
7,萬里,NO2,6.056983240223464
8,萬里,NO2,7.4991620111731905
9,萬里,NO2,6.997198879551822
10,萬里,NO2,7.372499999999993
11,萬里,NO2,6.707042253521136
12,萬里,NO2,6.042939481268015
13,萬里,NO2,5.411781609195402
14,萬里,NO2,5.528318584070796
15,萬里,NO2,5.713994169096203
16,萬里,NO2,6.30821529745042
17,萬里,NO2,6.833055555555557
18,萬里,NO2,7.676795580110499
19,萬里,NO2,8.035911602209941
20,萬里,NO2,8.122589531680442
21,萬里,NO2,7.304395604395605
22,萬里,NO2,6.5527472527472534
23,萬里,NO2,6.048351648351654
24,萬里,NO2,5.368406593406595
1,萬里,PM10,37.22379603399433
2,萬里,PM10,37.022922636103154
3,萬里,PM10,36.689655172413794
4,萬里,PM10,36.48710601719198
5,萬里,PM10,36.2836676217765
6,萬里,PM10,36.30085959885387
7,萬里,PM10,36.684813753581665
8,萬里,PM10,38.61318051575931
9,萬里,PM10,41.763532763532766
10,萬里,PM10,45.31428571428572
11,萬里,PM10,47.18550724637681
12,萬里,PM10,48.371757925072046
13,萬里,PM10,48.53448275862069
14,萬里,PM10,48.0
15,萬里,PM10,49.25368731563422
16,萬里,PM10,49.31686046511628
17,萬里,PM10,48.59544159544159
18,萬里,PM10,46.56497175141243
19,萬里,PM10,45.12112676056338
20,萬里,PM10,44.04507042253521
21,萬里,PM10,42.800561797752806
22,萬里,PM10,41.39887640449438
23,萬里,PM10,40.23943661971831
24,萬里,PM10,38.75141242937853
1,萬里,SO2,2.022651933701657
2,萬里,SO2,1.9396121883656512
3,萬里,SO2,1.8698060941828238
4,萬里,SO2,1.7850415512465374
5,萬里,SO2,1.8216066481994473
6,萬里,SO2,1.8759002770083106
7,萬里,SO2,2.123676880222842
8,萬里,SO2,2.542061281337049
9,萬里,SO2,2.8891364902506957
10,萬里,SO2,3.1693370165745836
11,萬里,SO2,3.1061797752809
12,萬里,SO2,3.021776504297996
13,萬里,SO2,2.753428571428571
14,萬里,SO2,2.7119533527696786
15,萬里,SO2,2.560571428571429
16,萬里,SO2,2.655124653739611
17,萬里,SO2,2.6002747252747245
18,萬里,SO2,2.516483516483516
19,萬里,SO2,2.2942465753424646
20,萬里,SO2,2.2906849315068496
21,萬里,SO2,2.1246575342465777
22,萬里,SO2,2.1482191780821895
23,萬里,SO2,2.1109589041095878
24,萬里,SO2,2.102465753424657
1,觀音,NO2,13.854444444444445
2,觀音,NO2,13.52577030812325
3,觀音,NO2,12.546910112359559
4,觀音,NO2,11.716155988857937
5,觀音,NO2,11.708403361344542
6,觀音,NO2,12.005056179775284
7,觀音,NO2,12.426610644257703
8,觀音,NO2,12.13743016759776
9,觀音,NO2,10.503081232492994
10,觀音,NO2,9.227576601671315
11,觀音,NO2,8.205142857142858
12,觀音,NO2,7.258132530120479
13,觀音,NO2,6.7523391812865485
14,觀音,NO2,6.24306358381503
15,觀音,NO2,6.2830945558739275
16,觀音,NO2,6.992436974789918
17,觀音,NO2,8.549299719887955
18,觀音,NO2,10.009116022099443
19,觀音,NO2,11.801928374655638
20,觀音,NO2,12.58677685950413
21,觀音,NO2,13.455248618784534
22,觀音,NO2,13.810526315789478
23,觀音,NO2,13.585555555555553
24,觀音,NO2,13.698607242339833
1,觀音,PM10,54.63661971830986
2,觀音,PM10,54.11647727272727
3,觀音,PM10,53.32954545454545
4,觀音,PM10,53.01709401709402
5,觀音,PM10,52.97142857142857
6,觀音,PM10,52.98
7,觀音,PM10,53.27142857142857
8,觀音,PM10,53.90857142857143
9,觀音,PM10,54.89204545454545
10,觀音,PM10,55.43465909090909
11,觀音,PM10,55.701149425287355
12,觀音,PM10,55.034375
13,觀音,PM10,54.43390804597701
14,觀音,PM10,54.164739884393065
15,觀音,PM10,52.63323782234957
16,觀音,PM10,53.1123595505618
17,觀音,PM10,54.12078651685393
18,觀音,PM10,54.93557422969187
19,觀音,PM10,56.18487394957983
20,觀音,PM10,56.65826330532213
21,觀音,PM10,56.68926553672316
22,觀音,PM10,56.18079096045198
23,觀音,PM10,55.55084745762712
24,觀音,PM10,54.904225352112675
1,觀音,SO2,6.743835616438356
2,觀音,SO2,6.846005509641872
3,觀音,SO2,6.663636363636361
4,觀音,SO2,6.645027624309393
5,觀音,SO2,6.576731301939064
6,觀音,SO2,6.535180055401658
7,觀音,SO2,6.800277008310256
8,觀音,SO2,6.893351800554015
9,觀音,SO2,6.38753462603878
10,觀音,SO2,5.576923076923076
11,觀音,SO2,5.324858757062145
12,觀音,SO2,4.7468842729970335
13,觀音,SO2,4.401461988304095
14,觀音,SO2,4.149572649572651
15,觀音,SO2,4.150285714285714
16,觀音,SO2,4.633240223463692
17,觀音,SO2,5.041483516483515
18,觀音,SO2,5.4619178082191775
19,觀音,SO2,5.960655737704918
20,觀音,SO2,6.386612021857926
21,觀音,SO2,6.731780821917805
22,觀音,SO2,6.607123287671231
23,觀音,SO2,6.609863013698631
24,觀音,SO2,6.756318681318681
1,陽明,NO2,2.2835227272727296
2,陽明,NO2,2.23342776203966
3,陽明,NO2,2.170338983050847
4,陽明,NO2,2.1358543417366955
5,陽明,NO2,2.217366946778712
6,陽明,NO2,2.2039215686274516
7,陽明,NO2,2.2354929577464824
8,陽明,NO2,2.344972067039104
9,陽明,NO2,2.5064606741573017
10,陽明,NO2,2.707843137254903
11,陽明,NO2,2.9404558404558423
12,陽明,NO2,3.220414201183432
13,陽明,NO2,3.0950292397660824
14,陽明,NO2,2.8709677419354853
15,陽明,NO2,2.9959420289855077
16,陽明,NO2,3.0583569405099142
17,陽明,NO2,3.162535211267604
18,陽明,NO2,3.2735211267605626
19,陽明,NO2,3.234078212290502
20,陽明,NO2,3.026197183098591
21,陽明,NO2,2.8577464788732403
22,陽明,NO2,2.7181303116147304
23,陽明,NO2,2.524362606232296
24,陽明,NO2,2.392977528089888
1,陽明,PM10,13.605970149253732
2,陽明,PM10,13.315634218289086
3,陽明,PM10,13.394202898550725
4,陽明,PM10,13.598837209302326
5,陽明,PM10,14.530259365994237
6,陽明,PM10,15.53125
7,陽明,PM10,17.124293785310734
8,陽明,PM10,17.703389830508474
9,陽明,PM10,17.446022727272727
10,陽明,PM10,18.089337175792508
11,陽明,PM10,17.97032640949555
12,陽明,PM10,17.475
13,陽明,PM10,16.99685534591195
14,陽明,PM10,16.478527607361965
15,陽明,PM10,17.216867469879517
16,陽明,PM10,17.49127906976744
17,陽明,PM10,16.685294117647057
18,陽明,PM10,16.93623188405797
19,陽明,PM10,16.716332378223495
20,陽明,PM10,16.05965909090909
21,陽明,PM10,15.492836676217765
22,陽明,PM10,14.518309859154929
23,陽明,PM10,13.485795454545455
24,陽明,PM10,13.506060606060606
1,陽明,SO2,1.48870523415978
2,陽明,SO2,1.5219178082191784
3,陽明,SO2,1.4761643835616447
4,陽明,SO2,1.4964383561643844
5,陽明,SO2,1.5709589041095893
6,陽明,SO2,1.5725274725274727
7,陽明,SO2,1.5656593406593402
8,陽明,SO2,1.6651098901098904
9,陽明,SO2,1.804444444444447
10,陽明,SO2,1.9617728531855947
11,陽明,SO2,1.998579545454546
12,陽明,SO2,2.0005899705014762
13,陽明,SO2,1.9266475644699153
14,陽明,SO2,1.835446685878961
15,陽明,SO2,1.810662824207493
16,陽明,SO2,1.8117318435754177
17,陽明,SO2,1.754972375690607
18,陽明,SO2,1.7350684931506846
19,陽明,SO2,1.716208791208791
20,陽明,SO2,1.81123287671233
21,陽明,SO2,1.6279452054794528
22,陽明,SO2,1.5920547945205485
23,陽明,SO2,1.5217032967032966
24,陽明,SO2,1.4776859504132234
1,龍潭,NO2,12.920172910662828
2,龍潭,NO2,11.36057971014492
3,龍潭,NO2,9.999999999999995
4,龍潭,NO2,9.775516224188795
5,龍潭,NO2,10.289285714285716
6,龍潭,NO2,11.780924855491334
7,龍潭,NO2,14.44124293785311
8,龍潭,NO2,16.01232492997199
9,龍潭,NO2,15.439606741573032
10,龍潭,NO2,14.645983379501383
11,龍潭,NO2,14.139772727272735
12,龍潭,NO2,13.971757925072048
13,龍潭,NO2,13.514655172413795
14,龍潭,NO2,12.966959064327483
15,龍潭,NO2,13.236011904761908
16,龍潭,NO2,14.189473684210524
17,龍潭,NO2,16.2185393258427
18,龍潭,NO2,20.10416666666666
19,龍潭,NO2,21.82472222222222
20,龍潭,NO2,22.05690607734806
21,龍潭,NO2,21.205785123966947
22,龍潭,NO2,19.549444444444436
23,龍潭,NO2,17.33042253521127
24,龍潭,NO2,15.14578651685393
1,龍潭,PM10,50.7485549132948
2,龍潭,PM10,48.60579710144928
3,龍潭,PM10,47.520348837209305
4,龍潭,PM10,46.281976744186046
5,龍潭,PM10,45.393586005830905
6,龍潭,PM10,45.005847953216374
7,龍潭,PM10,46.04692082111437
8,龍潭,PM10,47.683284457478
9,龍潭,PM10,50.106628242074926
10,龍潭,PM10,52.06609195402299
11,龍潭,PM10,53.647230320699705
12,龍潭,PM10,54.325648414985594
13,龍潭,PM10,55.08045977011494
14,龍潭,PM10,55.83132530120482
15,龍潭,PM10,56.91238670694864
16,龍潭,PM10,57.25217391304348
17,龍潭,PM10,57.279538904899134
18,龍潭,PM10,57.71264367816092
19,龍潭,PM10,58.48275862068966
20,龍潭,PM10,59.38793103448276
21,龍潭,PM10,58.85632183908046
22,龍潭,PM10,58.0632183908046
23,龍潭,PM10,56.46551724137931
24,龍潭,PM10,53.672413793103445
1,龍潭,SO2,2.256077348066297
2,龍潭,SO2,2.3498614958448747
3,龍潭,SO2,2.219444444444446
4,龍潭,SO2,2.182777777777777
5,龍潭,SO2,2.1498607242339847
6,龍潭,SO2,2.188826815642459
7,龍潭,SO2,2.3333333333333335
8,龍潭,SO2,2.622969187675072
9,龍潭,SO2,2.7951977401129935
10,龍潭,SO2,2.8456824512534817
11,龍潭,SO2,2.8381502890173427
12,龍潭,SO2,2.984057971014493
13,龍潭,SO2,3.008405797101452
14,龍潭,SO2,2.9388059701492533
15,龍潭,SO2,2.903003003003005
16,龍潭,SO2,2.825000000000001
17,龍潭,SO2,2.8136871508379886
18,龍潭,SO2,2.8939226519337025
19,龍潭,SO2,2.9502747252747223
20,龍潭,SO2,3.003296703296702
21,龍潭,SO2,2.9219780219780205
22,龍潭,SO2,2.714835164835163
23,龍潭,SO2,2.5082417582417578
24,龍潭,SO2,2.36565934065934
